[
  {
    "switchMount": "cherry",
    "pcb": true
  },
  [
    {
      "a": 6
    },
    "Esc",
    {
      "x": 0.25
    },
    "F1",
    "F2",
    "F3",
    "F4",
    {
      "x": 0.25
    },
    "F5",
    "F6",
    "F7",
    "F8",
    {
      "x": 0.25
    },
    "F9",
    "F10",
    "F11",
    "F12",
    {
      "x": 0.25,
      "a": 7
    },
    "Del"
  ],
  [
    {
      "y": 0.25,
      "a": 4
    },
    "~\n`",
    "!\n1",
    "@\n2",
    "#\n3",
    "$\n4",
    "%\n5",
    "^\n6",
    "&\n7",
    "*\n8",
    "(\n9",
    ")\n0",
    "_\n-",
    "+\n=",
    {
      "a": 6,
      "w": 2
    },
    "Backspace",
    {
      "x": 0.5,
      "a": 7
    },
    "Lock"
  ],
  [
    {
      "a": 4,
      "w": 1.5
    },
    "Tab",
    "Q",
    "W",
    "E",
    "R",
    "T",
    "Y",
    "U",
    "I",
    "O",
    "P",
    "{\n[",
    "}\n]",
    {
      "w": 1.5
    },
    "|\n\\",
    {
      "x": 0.5,
      "a": 7
    },
    "emoji"
  ],
  [
    {
      "a": 4,
      "w": 1.75
    },
    "Caps Lock",
    "A",
    "S",
    "D",
    "F",
    "G",
    "H",
    "J",
    "K",
    "L",
    ":\n;",
    "\"\n'",
    {
      "a": 6,
      "w": 2.25
    },
    "Enter",
    {
      "x": 0.5,
      "a": 7
    },
    "clp"
  ],
  [
    {
      "a": 6,
      "w": 2.25
    },
    "Shift",
    {
      "a": 4
    },
    "Z",
    "X",
    "C",
    "V",
    "B",
    "N",
    "M",
    "<\n,",
    ">\n.",
    "?\n/",
    {
      "a": 6,
      "w": 1.75
    },
    "Shift"
  ],
  [
    {
      "y": -0.75,
      "x": 14.5,
      "a": 7
    },
    "↑"
  ],
  [
    {
      "y": -0.25,
      "a": 6,
      "w": 1.25
    },
    "Ctrl",
    "Opt",
    {
      "w": 1.25
    },
    "Cmd",
    {
      "a": 7,
      "w": 6.25
    },
    "",
    {
      "a": 6
    },
    "Cmd",
    "Opt",
    "Fn"
  ],
  [
    {
      "y": -0.75,
      "x": 13.5,
      "a": 7
    },
    "←",
    "↓",
    "→"
  ]
]